country,2002,2003,2004,2005,2006,2007,2008,2009,2010,2011,2012,2013,2014,2015,2016,2017,2018,2019,2020
Afghanistan,22600774,23680871,24726689,25654274,26433058,27100542,27722281,28394806,29185511,30117411,31161378,32269592,33370804,34413603,35383028,36296111,37171922,38041757,38928341
Albania,3051010,3039616,3026939,3011487,2992547,2970017,2947314,2927519,2913021,2905195,2900401,2895092,2889104,2880703,2876101,2873457,2866376,2854191,2837743
Algeria,31855110,32264159,32692153,33149720,33641007,34166976,34730604,35333882,35977451,36661438,37383899,38140135,38923688,39728020,40551398,41389174,42228415,43053054,43851043
American Samoa,59077,59495,59684,59557,59109,58367,57490,56675,56084,55755,55669,55717,55791,55806,55739,55617,55461,55312,55197
Andorra,70048,73180,76250,78871,80995,82682,83860,84461,84454,83748,82427,80770,79213,77993,77295,76997,77008,77146,77265
Angola,17519418,18121477,18758138,19433604,20149905,20905360,21695636,22514275,23356247,24220660,25107925,26015786,26941773,27884380,28842482,29816769,30809787,31825299,32866268
Antigua and Barbuda,78298,79311,80347,81462,82715,84029,85394,86743,88030,89250,90407,91510,92562,93571,94520,95425,96282,97115,97928
Argentina,37681743,38087866,38491970,38892924,39289876,39684303,40080159,40482786,40788453,41261490,41733271,42202935,42669500,43131966,43590368,44044811,44494502,44938712,45376763
Armenia,3033976,3017938,3000715,2981262,2958301,2932615,2907615,2888094,2877314,2876536,2884239,2897593,2912403,2925559,2936147,2944789,2951741,2957728,2963234
Aruba,94992,97016,98744,100028,100830,101226,101362,101452,101665,102050,102565,103165,103776,104339,104865,105361,105846,106310,106766
Australia,19651400,19895400,20127400,20394800,20697900,20827600,21249200,21691700,22031750,22340024,22733465,23128129,23475686,23815995,24190907,24601860,24982688,25365745,25687041
Austria,8081957,8121423,8171966,8227829,8268641,8295487,8321496,8343323,8363404,8391643,8429991,8479823,8546356,8642699,8736668,8797566,8840521,8879920,8917205
Azerbaijan,8171950,8234100,8306500,8391850,8484550,8581300,8763400,8947243,9054332,9173082,9295784,9416801,9535079,9649341,9757812,9854033,9939771,10024283,10093121
Bahrain,735140,778708,829846,889157,958423,1035924,1114645,1185075,1240864,1278153,1299942,1315029,1336073,1371853,1425793,1494077,1569440,1641164,1701583
Bangladesh,132478077,134791598,136986429,139035505,140921154,142660381,144304164,145924795,147575433,149273134,151005733,152761413,154517385,156256287,157977151,159685421,161376713,163046173,164689383
Barbados,273423,274331,275283,276320,277475,278701,279946,281107,282131,282987,283698,284294,284825,285327,285798,286229,286640,287021,287371
Belarus,9865548,9796749,9730146,9663915,9604924,9560953,9527985,9504583,9483836,9461643,9446836,9443211,9448515,9461076,9469379,9458989,9438785,9419758,9379952
Belgium,10332785,10376133,10421137,10478617,10547958,10625700,10709973,10796493,10895586,11038264,11106932,11159407,11209057,11274196,11331422,11375158,11427054,11488980,11555997
Belize,262387,269428,276516,283798,291338,299031,306822,314655,322465,330236,338001,345707,353366,360926,368399,375775,383071,390351,397621
Benin,7295400,7520556,7750003,7982223,8216893,8454790,8696915,8944713,9199254,9460829,9729254,10004594,10286839,10575962,10872072,11175192,11485035,11801151,12123198
Bermuda,62912,63325,63740,64154,64523,64888,65273,65636,65124,64564,64798,65001,65138,65237,64554,63873,63919,63913,63903
Bhutan,616025,627840,638809,648744,657404,664873,671611,678329,685502,693297,701582,710235,719053,727885,736706,745563,754396,763094,771612
Bolivia,8742822,8905820,9069044,9232301,9395449,9558438,9721457,9884790,10048597,10212951,10377677,10542375,10706517,10869732,11031822,11192853,11353140,11513102,11673029
Bosnia and Herzegovina,3759389,3762179,3764194,3765332,3765422,3762791,3754261,3735945,3705478,3661173,3604972,3542598,3482106,3429362,3386263,3351534,3323929,3300998,3280815
Botswana,1704637,1734387,1765533,1799077,1835911,1875458,1915636,1953495,1987106,2015406,2039551,2062551,2088619,2120716,2159925,2205076,2254067,2303703,2351625
Brazil,179537523,181809244,184006479,186127108,188167353,190130445,192030362,193886505,195713637,197514541,199287292,201035904,202763744,204471759,206163056,207833825,209469320,211049519,212559409
Brunei Darussalam,346777,353295,359434,365112,370262,374967,379418,383902,388634,393687,398997,404414,409778,414914,419791,424481,428960,433296,437483
Bulgaria,7837161,7775327,7716860,7658972,7601022,7545338,7492561,7444443,7395599,7348328,7305888,7265115,7223938,7177991,7127822,7075947,7025037,6975761,6934015
Burkina Faso,12293097,12654624,13030576,13421935,13829173,14252029,14689725,15141098,15605211,16081915,16571252,17072791,17586029,18110616,18646350,19193236,19751466,20321383,20903278
Burundi,6704118,6909161,7131688,7364857,7607850,7862226,8126104,8397661,8675606,8958406,9245992,9540302,9844301,10160034,10488002,10827010,11175379,11530577,11890781
Cabo Verde,442955,449925,456619,463034,469171,475067,480846,486667,492644,498858,505241,511740,518276,524740,531140,537499,543764,549936,555988
Cambodia,12637719,12856171,13066475,13273355,13477705,13679953,13883835,14093605,14312205,14541421,14780454,15026330,15274506,15521435,15766290,16009413,16249795,16486542,16718971
Cameroon,16357605,16800869,17259322,17733408,18223677,18730283,19252674,19789922,20341236,20906392,21485267,22077300,22681853,23298376,23926549,24566070,25216261,25876387,26545864
Canada,31360079,31644028,31940655,32243753,32571174,32889025,33247118,33628895,34004889,34339328,34714222,35082954,35437435,35702908,36109487,36545295,37065178,37593384,38005238
Chad,9019226,9373913,9734761,10096630,10457122,10818031,11183589,11560142,11952134,12360986,12784748,13220433,13663562,14110971,14561658,15016761,15477727,15946882,16425859
Chile,15684413,15849649,16014972,16182713,16354507,16530201,16708255,16886184,17062531,17233584,17400359,17571511,17758969,17969356,18209072,18470435,18729166,18952035,19116209
China,1280400000,1288400000,1296075000,1303720000,1311020000,1317885000,1324655000,1331260000,1337705000,1345035000,1354190000,1363240000,1371860000,1379860000,1387790000,1396215000,1402760000,1407745000,1410929362
Colombia,40875363,41483872,42075953,42647731,43200901,43737512,44254972,44750054,45222699,45662747,46075721,46495492,46967706,47520667,48175048,48909844,49661056,50339443,50882884
Comoros,569480,583213,597230,611625,626427,641624,657227,673251,689696,706578,723865,741511,759390,777435,795597,813890,832322,850891,869595
"Congo, Dem. Rep.",49871670,51425583,53068869,54785894,56578046,58453687,60411195,62448572,64563853,66755151,69020749,71358804,73767445,76244532,78789130,81398765,84068092,86790568,89561404
Costa Rica,4100922,4164053,4225156,4285504,4345421,4404626,4463123,4520739,4577371,4633086,4688003,4742111,4795390,4847805,4899336,4949955,4999443,5047561,5094114
Cote d'Ivoire,17231539,17599613,17970493,18354513,18754914,19171250,19605568,20059147,20532944,21028652,21547188,22087506,22647672,23226148,23822726,24437475,25069226,25716554,26378275
Croatia,4302174,4303399,4304600,4310145,4311159,4310217,4309705,4305181,4295427,4280622,4267558,4255689,4238389,4203604,4174349,4124531,4087843,4065253,4047200
Cuba,11199664,11229185,11250369,11261586,11261241,11251117,11236975,11226711,11225833,11236671,11257112,11282722,11306909,11324777,11335108,11339255,11338146,11333484,11326616
Curacao,129205,131897,134192,137658,141239,144056,145880,146833,148703,150831,152088,153822,155909,157980,159664,160175,159336,157441,155014
Cyprus,976968,993562,1010410,1027657,1045508,1063708,1081568,1098089,1112617,1124837,1135046,1143866,1152297,1160987,1170189,1179685,1189262,1198574,1207361
Czech Republic,10196916,10193998,10197101,10211216,10238905,10298828,10384603,10443936,10474410,10496088,10510785,10514272,10525347,10546059,10566332,10594438,10629928,10671870,10698896
Denmark,5375931,5390574,5404523,5419432,5437272,5461438,5493621,5523095,5547683,5570572,5591572,5614932,5643475,5683483,5728010,5764980,5793636,5814422,5831404
Djibouti,746947,759639,771599,783248,794554,805456,816361,827820,840194,853671,868136,883296,898707,913998,929117,944100,958923,973557,988002
Dominica,69840,70102,70387,70580,70718,70797,70829,70848,70877,70912,70954,71019,71091,71175,71307,71460,71626,71808,71991
Dominican Republic,8724974,8850317,8974444,9097262,9218681,9338856,9458079,9576736,9695117,9813219,9930916,10048226,10165182,10281675,10397738,10513111,10627147,10738957,10847904
Ecuador,13143465,13369678,13596390,13825839,14059379,14296554,14535740,14774412,15011114,15243885,15474099,15707473,15951832,16212022,16491116,16785356,17084359,17373657,17643060
"Egypt, Arab Rep.",71485044,72826102,74172073,75523576,76873670,78232124,79636081,81134789,82761244,84529251,86422240,88404652,90424668,92442549,94447071,96442590,98423602,100388076,102334403
El Salvador,5962139,5994075,6023801,6052124,6079395,6105810,6131767,6157678,6183877,6210567,6237922,6266076,6295124,6325121,6356137,6388124,6420740,6453550,6486201
Equatorial Guinea,658388,686670,716949,749527,784494,821686,860839,901589,943640,986861,1031191,1076412,1122273,1168575,1215181,1262008,1308966,1355982,1402985
Estonia,1379350,1370720,1362550,1354775,1346810,1340680,1337090,1334515,1331475,1327439,1322696,1317997,1314545,1315407,1315790,1317384,1321977,1326898,1331057
Eswatini,1019054,1022796,1026287,1030575,1036095,1042651,1049948,1057462,1064841,1072029,1079285,1086843,1095022,1104038,1113994,1124808,1136274,1148133,1160164
Ethiopia,70142090,72170581,74239508,76346310,78489205,80674343,82916236,85233923,87639962,90139928,92726982,95385793,98094264,100835453,103603461,106399926,109224410,112078727,114963583
Faroe Islands,47235,47439,47600,47731,47793,47825,47822,47814,47803,47815,47843,47901,47965,48055,48173,48326,48497,48677,48865
Fiji,815257,816078,817864,821606,827869,836185,845356,853636,859816,863451,865065,865602,866447,868632,872406,877460,883490,889955,896444
Finland,5200598,5213014,5228172,5246096,5266268,5288720,5313399,5338871,5363352,5388272,5413971,5438972,5461512,5479531,5495303,5508214,5515525,5521606,5530719
France,61805266,62244880,62704901,63179356,63621376,64016227,64374979,64707035,65027505,65342789,65659814,65998685,66312067,66548272,66724104,66918020,67101930,67248926,67391582
Gabon,1288310,1319946,1353788,1390550,1430144,1472565,1518538,1568925,1624146,1684629,1749677,1817070,1883801,1947690,2007882,2064812,2119275,2172578,2225728
"Gambia, The",1404263,1449925,1496524,1543745,1591444,1639846,1689288,1740277,1793199,1848142,1905020,1963708,2024037,2085860,2149134,2213900,2280092,2347696,2416664
Georgia,3978515,3951736,3927340,3902469,3880347,3860158,3848449,3814419,3786695,3756441,3728874,3717668,3719414,3725276,3727505,3728004,3726549,3720161,3714000
Germany,82488495,82534176,82516260,82469422,82376451,82266372,82110097,81902307,81776930,80274983,80425823,80645605,80982500,81686611,82348669,82657002,82905782,83092962,83240525
Ghana,20246376,20750308,21272328,21814648,22379057,22963946,23563832,24170943,24779614,25387713,25996454,26607641,27224480,27849203,28481947,29121464,29767108,30417858,31072945
Gibraltar,32097,32556,32930,33222,33420,33524,33570,33562,33585,33608,33653,33694,33726,33742,33738,33723,33715,33706,33691
Greece,10902022,10928070,10955141,10987314,11020362,11048473,11077841,11107017,11121341,11104899,11045011,10965211,10892413,10820883,10775971,10754679,10732882,10721582,10715549
Greenland,56609,56765,56911,56935,56774,56555,56328,56323,56905,56890,56810,56483,56295,56114,56186,56172,56023,56225,56367
Grenada,103636,104003,104346,104658,104938,105183,105457,105787,106227,106786,107452,108172,108900,109603,110263,110874,111449,112002,112519
Guam,157173,157723,158094,158406,158649,158848,159037,159232,159439,159690,159990,160415,161007,161851,162948,164281,165770,167295,168783
Guatemala,12147518,12415334,12682108,12948292,13213330,13477017,13739299,14000190,14259687,14521515,14781942,15043981,15306316,15567419,15827690,16087418,16346950,16604026,16858333
Guinea,8586077,8753097,8925729,9109585,9307421,9518159,9738796,9964470,10192168,10420459,10652032,10892821,11150970,11432096,11738434,12067516,12414292,12771246,13132792
Guyana,744789,745142,745737,746156,746335,746477,746815,747718,749430,752029,755388,759281,763371,767433,771363,775218,779007,782775,786559
Haiti,8754148,8900108,9047082,9195289,9344784,9495336,9646570,9798046,9949318,10100320,10250922,10400672,10549007,10695540,10839976,10982367,11123183,11263079,11402533
Honduras,6929267,7106323,7282953,7458982,7634295,7808520,7980955,8150780,8317467,8480670,8640692,8798524,8955579,9112904,9270794,9429016,9587523,9746115,9904608
"Hong Kong SAR, China",6744100,6730800,6783500,6813200,6857100,6916300,6957800,6972800,7024200,7071600,7150100,7178900,7229500,7291300,7336600,7391700,7451000,7507400,7481800
Hungary,10158608,10129552,10107146,10087065,10071370,10055780,10038188,10022650,10000023,9971727,9920362,9893082,9866468,9843028,9814023,9787966,9775564,9771141,9749763
Iceland,287523,289521,292074,296734,303782,311566,317414,318499,318041,319014,320716,323764,327386,330815,335439,343400,352721,360563,366425
India,1093317187,1111523146,1129623466,1147609924,1165486291,1183209471,1200669762,1217726217,1234281163,1250287939,1265780243,1280842119,1295600768,1310152392,1324517250,1338676779,1352642283,1366417756,1380004385
Indonesia,217357790,220309473,223285666,226289468,229318262,232374239,235469755,238620554,241834226,245115988,248451714,251805314,255128076,258383257,261556386,264650969,267670549,270625567,273523621
"Iran, Islamic Rep.",67284801,68122947,68951279,69762345,70554756,71336476,72120608,72924833,73762519,74634959,75539881,76481963,77465769,78492208,79563991,80673888,81800204,82913893,83992953
Iraq,24931922,25644503,26313838,26922279,27448124,27911242,28385739,28973157,29741977,30725305,31890012,33157061,34411949,35572269,36610632,37552789,38433604,39309789,40222503
Ireland,3931947,3996521,4070262,4159914,4273591,4398942,4489544,4535375,4560155,4580084,4599533,4623816,4657740,4701957,4755335,4807388,4867316,4934340,4994724
Israel,6570000,6689700,6809000,6930100,7053700,7180100,7308800,7485600,7623600,7765800,7910500,8059500,8215700,8380100,8546000,8713300,8882800,9054000,9216900
Italy,57059007,57313203,57685327,57969484,58143979,58438310,58826731,59095365,59277417,59379449,59539717,60233948,60789140,60730582,60627498,60536709,60421760,59729081,59554023
Jamaica,2692843,2709438,2725017,2740000,2754414,2768229,2781869,2795839,2810464,2825932,2842128,2858710,2875137,2891024,2906242,2920848,2934853,2948277,2961161
Japan,127445000,127718000,127761000,127773000,127854000,128001000,128063000,128047000,128070000,127833000,127629000,127445000,127276000,127141000,126994511,126785797,126529100,126264931,125836021
Jordan,5317514,5434036,5580241,5765639,5991547,6255290,6556473,6893258,7261541,7662858,8089963,8518992,8918822,9266573,9554286,9785840,9965322,10101697,10203140
Kazakhstan,14858948,14909019,15012984,15147029,15308085,15484192,15776938,16092822,16321872,16557202,16792090,17035551,17288285,17542806,17794055,18037776,18276452,18513673,18754440
Kenya,33751746,34678781,35635267,36624897,37649039,38705934,39791984,40901798,42030684,43178270,44343469,45519986,46700063,47878339,49051531,50221146,51392570,52573967,53771300
Kiribati,87308,88840,90498,92319,94341,96531,98760,100928,102930,104735,106359,107887,109387,110927,112529,114153,115842,117608,119446
"Korea, Dem. People's Rep.",23339453,23542434,23732740,23904167,24054866,24188330,24310143,24428340,24548840,24673392,24800638,24929500,25057793,25183832,25307665,25429816,25549606,25666158,25778815
"Korea, Rep.",47644736,47892330,48082519,48184561,48438292,48683638,49054708,49307835,49554112,49936638,50199853,50428893,50746659,51014947,51217803,51361911,51606633,51709098,51780579
Kosovo,1702310,1703466,1704622,1705780,1719536,1733404,1747383,1761474,1775680,1791000,1807106,1818117,1812771,1788196,1777557,1791003,1797085,1788878,1775378
Kuwait,2136991,2161626,2200498,2270196,2373661,2504026,2656010,2821041,2991884,3168054,3348852,3526382,3690939,3835588,3956862,4056102,4137314,4207077,4270563
Kyrgyz Republic,4990700,5043300,5104700,5162600,5218400,5268400,5318700,5383300,5447900,5514600,5607200,5719600,5835500,5956900,6079500,6198200,6322800,6456200,6591600
Lao PDR,5493247,5576640,5662199,5751675,5846075,5944950,6046630,6148621,6249168,6347564,6444527,6541302,6639763,6741160,6845848,6953031,7061498,7169456,7275556
Latvia,2310173,2287955,2263122,2238799,2218357,2200325,2177322,2141669,2097555,2059709,2034319,2012647,1993782,1977527,1959537,1942248,1927174,1913822,1901548
Lebanon,4182205,4388378,4569377,4698761,4759760,4767347,4764745,4813026,4953064,5202022,5537620,5913016,6261046,6532681,6714281,6819373,6859408,6855709,6825442
Lesotho,2029832,2018355,2005953,1996115,1989933,1986926,1987130,1990135,1995575,2003793,2014988,2028528,2043448,2059011,2075041,2091532,2108327,2125267,2142252
Liberia,3024727,3077055,3135654,3218114,3329211,3461911,3607863,3754129,3891357,4017446,4135662,4248337,4359508,4472229,4586788,4702224,4818976,4937374,5057677
Libya,5531097,5620545,5710163,5798615,5886874,5974786,6058740,6133987,6197667,6247438,6285751,6320350,6362039,6418315,6492160,6580723,6678565,6777453,6871287
Liechtenstein,33885,34172,34444,34718,34975,35217,35469,35723,35996,36299,36615,36940,37219,37465,37655,37805,37918,38020,38137
Lithuania,3443067,3415213,3377075,3322528,3269909,3231294,3198231,3162916,3097282,3028115,2987773,2957689,2932367,2904910,2868231,2828403,2801543,2794137,2794700
Luxembourg,446175,451630,458095,465158,472637,479993,488650,497783,506953,518347,530946,543360,556319,569604,582014,596336,607950,620001,632275
Madagascar,16765122,17279139,17802992,18336722,18880265,19433520,19996476,20569115,21151640,21743970,22346641,22961259,23589897,24234080,24894370,25570511,26262313,26969306,27691019
Malawi,11713663,12000183,12301837,12625950,12973693,13341808,13727899,14128161,14539609,14962118,15396010,15839287,16289550,16745305,17205253,17670193,18143215,18628749,19129955
Malaysia,24208391,24698821,25190647,25690615,26201954,26720367,27236003,27735038,28208028,28650962,29068189,29468923,29866606,30270965,30684652,31104655,31528033,31949789,32365998
Maldives,294185,302681,311265,319604,327489,335172,343448,353391,365730,380493,397231,415592,435018,454914,475505,496398,515704,530957,540542
Mali,11616890,11982692,12369078,12775509,13203378,13651455,14113578,14581427,15049352,15514593,15979492,16449854,16934213,17438772,17965448,18512429,19077755,19658023,20250834
Malta,395969,398582,401268,403834,405308,406724,409379,412477,414508,416268,420028,425967,434558,445053,455356,467999,484630,504062,525285
Mauritania,2778097,2857150,2939246,3024198,3111908,3202512,3296237,3393408,3494200,3598646,3706555,3817497,3930894,4046304,4163532,4282582,4403312,4525698,4649660
Mauritius,1204621,1213370,1221003,1228254,1233996,1239630,1244121,1247429,1250400,1252404,1255882,1258653,1260934,1262605,1263473,1264613,1265303,1265711,1265740
Mexico,101684764,103081020,104514934,106005199,107560155,109170503,110815272,112463886,114092961,115695468,117274156,118827158,120355137,121858251,123333379,124777326,126190782,127575529,128932753
Moldova,2910504,2902320,2895147,2888111,2880095,2873429,2867964,2864346,2861487,2859833,2859458,2858692,2856950,2834530,2802170,2755158,2708214,2664974,2620495
Monaco,32804,33144,33499,33842,34189,34524,34860,35223,35609,36025,36459,36899,37320,37723,38070,38392,38682,38967,39244
Mongolia,2443261,2468765,2496394,2526429,2558854,2593819,2631899,2673794,2719902,2770357,2824698,2881783,2940111,2998433,3056358,3113788,3170214,3225166,3278292
Montenegro,609828,612267,613353,614261,615025,615875,616969,618294,619428,620079,620601,621207,621810,622159,622303,622373,622227,622028,621306
Morocco,29454765,29782884,30115196,30455563,30804689,31163670,31536807,31929087,32343384,32781860,33241898,33715705,34192358,34663608,35126274,35581257,36029089,36471766,36910558
Mozambique,18764147,19331097,19910549,20493927,21080108,21673319,22276596,22894718,23531567,24187500,24862673,25560752,26286192,27042001,27829930,28649007,29496009,30366043,31255435
Myanmar,47702163,48148907,48564489,48949931,49301049,49621479,49929642,50250366,50600827,50990612,51413703,51852464,52280816,52680724,53045199,53382521,53708318,54045422,54409794
Namibia,1851519,1879113,1907737,1938316,1971318,2006516,2043382,2081039,2118877,2156698,2194777,2233506,2273426,2314901,2358044,2402623,2448300,2494524,2540916
Nauru,10102,9990,9906,9848,9827,9846,9880,9945,10009,10069,10136,10208,10289,10374,10474,10577,10678,10764,10834
Nepal,24725625,25080880,25419337,25744500,26066687,26382586,26666581,26883531,27013207,27041220,26989160,26916795,26905982,27015033,27263430,27632682,28095712,28608715,29136808
Netherlands,16148929,16225302,16281779,16319868,16346101,16381696,16445593,16530388,16615394,16693074,16754962,16804432,16865008,16939923,17030314,17131296,17231624,17344874,17441139
New Zealand,3948500,4027200,4087500,4133900,4184600,4223800,4259800,4302600,4350700,4384000,4408100,4442100,4516500,4609400,4714100,4813600,4900600,4979300,5084300
Nicaragua,5219324,5292115,5364930,5438692,5513757,5590066,5667436,5745538,5824058,5903035,5982530,6062462,6142734,6223234,6303970,6384843,6465502,6545503,6624554
Niger,12189988,12647983,13125914,13624474,14143969,14685404,15250913,15843131,16464025,17114770,17795209,18504287,19240182,20001663,20788789,21602388,22442831,23310719,24206636
Nigeria,128596079,131900634,135320420,138865014,142538305,146339971,150269622,154324939,158503203,162805080,167228803,171765819,176404931,181137454,185960244,190873247,195874685,200963603,206139587
North America,319048184,321815286,324809693,327824506,331015609,334185120,337406357,340466060,343397156,345987373,348656682,351207902,353888902,356507139,359245796,361731296,363967296,365987250,367553264
Norway,4538159,4564855,4591910,4623291,4660677,4709153,4768212,4828726,4889252,4953088,5018573,5079623,5137232,5188607,5234519,5276968,5311916,5347896,5379475
Oman,2334860,2386164,2445524,2511254,2580753,2657162,2750956,2876186,3041435,3251102,3498031,3764805,4027255,4267341,4479217,4665926,4829476,4974992,5106622
Pakistan,149549695,153093371,156664698,160304007,164022626,167808106,171648984,175525610,179424643,183340168,187280125,191260799,195305012,199426953,203631356,207906210,212228288,216565317,220892331
Palau,19642,19812,19861,19784,19545,19159,18708,18290,17954,17748,17635,17603,17625,17665,17718,17809,17911,18001,18092
Panama,3149195,3209056,3269356,3330222,3391673,3453671,3516204,3579215,3642691,3706479,3770635,3835447,3901311,3968490,4037073,4106764,4176868,4246440,4314768
Papua New Guinea,6098621,6223378,6354247,6494902,6646891,6808503,6976200,7144774,7310512,7472196,7631003,7788388,7946733,8107772,8271766,8438038,8606324,8776119,8947027
Paraguay,5531958,5632983,5730556,5824095,5913212,5998430,6081296,6163970,6248017,6333981,6421510,6510273,6599524,6688746,6777878,6867058,6956069,7044639,7132530
Peru,27100964,27372217,27624226,27866140,28102055,28333050,28562321,28792663,29027680,29264314,29506790,29773986,30090372,30470739,30926036,31444299,31989265,32510462,32971846
Philippines,81365260,83051970,84710544,86326251,87888675,89405482,90901967,92414161,93966784,95570049,97212639,98871558,100513137,102113206,103663812,105172921,106651394,108116622,109581085
Poland,38230364,38204570,38182222,38165445,38141267,38120560,38125759,38151603,38042794,38063255,38063164,38040196,38011735,37986412,37970087,37974826,37974750,37965475,37950802
Portugal,10419631,10458821,10483861,10503330,10522288,10542964,10558177,10568247,10573100,10557560,10514844,10457295,10401062,10358076,10325452,10300300,10283822,10286263,10305564
Puerto Rico,3823701,3826095,3826878,3821362,3805214,3782995,3760866,3740410,3721525,3678732,3634488,3593077,3534874,3473232,3406672,3325286,3193354,3193694,3194034
Qatar,640872,681791,753332,865410,1022704,1218441,1436670,1654944,1856329,2035862,2196078,2336579,2459202,2565708,2654379,2724727,2781682,2832071,2881060
Romania,21730496,21574326,21451748,21319685,21193760,20882982,20537875,20367487,20246871,20147528,20058035,19983693,19908979,19815616,19702267,19588715,19473970,19371648,19286123
Russian Federation,145306497,144648618,144067316,143518814,143049637,142805114,142742366,142785349,142849468,142960908,143201721,143506995,143819667,144096870,144342397,144496739,144477859,144406261,144104080
Rwanda,8427061,8557160,8680516,8840220,9043342,9273759,9524532,9782770,10039338,10293333,10549668,10811538,11083629,11369066,11668829,11980960,12301969,12626938,12952209
Samoa,176410,177481,178597,179722,180874,182045,183270,184553,185944,187469,189089,190712,192220,193510,194540,195358,196128,197093,198410
Sao Tome and Principe,147450,150405,153736,157472,161676,166297,171122,175877,180372,184521,188394,192076,195727,199439,203221,207086,211032,215048,219161
Saudi Arabia,21805322,22456645,23132686,23816175,24498313,25184589,25888535,26630303,27421468,28267591,29154906,30052058,30916603,31717676,32443443,33101183,33702757,34268529,34813867
Senegal,10283694,10541470,10810086,11090123,11382272,11687078,12004700,12335092,12678143,13033814,13401990,13782429,14174740,14578450,14993514,15419354,15854324,16296362,16743930
Serbia,7496522,7480591,7463157,7440769,7411569,7381579,7350222,7320807,7291436,7234099,7199077,7164132,7130576,7095383,7058322,7020858,6982604,6945235,6908224
Seychelles,83723,82781,82475,82858,84600,85033,86956,87298,89770,87441,88303,89949,91359,93419,94677,95843,96762,97625,98462
Sierra Leone,4965770,5201074,5433995,5645629,5829240,5989641,6133599,6272735,6415636,6563238,6712586,6863975,7017153,7171909,7328846,7488427,7650149,7813207,7976985
Singapore,4175950,4114826,4166664,4265762,4401365,4588599,4839396,4987573,5076732,5183688,5312437,5399162,5469724,5535002,5607283,5612253,5638676,5703569,5685807
Slovak Republic,5376912,5373374,5372280,5372807,5373054,5374622,5379233,5386406,5391428,5398384,5407579,5413393,5418649,5423801,5430798,5439232,5446771,5454147,5458827
Slovenia,1994530,1995733,1997012,2000474,2006868,2018122,2021316,2039669,2048583,2052843,2057159,2059953,2061980,2063531,2065042,2066388,2073894,2088385,2100126
Somalia,9501335,9815412,10130251,10446856,10763904,11080122,11397188,11717691,12043886,12376305,12715487,13063711,13423571,13797204,14185635,14589165,15008225,15442906,15893219
South Africa,46150913,46719203,47291610,47880595,48489464,49119766,49779472,50477013,51216967,52003759,52832659,53687125,54544184,55386369,56207649,57009751,57792520,58558267,59308690
South Sudan,6688225,6935665,7213354,7535931,7907407,8315144,8736932,9142258,9508372,9830695,10113648,10355030,10554882,10715657,10832520,10910774,10975924,11062114,11193729
Spain,41431558,42187645,42921895,43653155,44397319,45226803,45954106,46362946,46576897,46742697,46773055,46620045,46480882,46444832,46484062,46593236,46797754,47133521,47351567
Sri Lanka,19062476,19224036,19387153,19544988,19695977,19842044,19983984,20123508,20261738,20398496,20425000,20585000,20778000,20970000,21203000,21444000,21670000,21803000,21919000
St. Kitts and Nevis,45168,45749,46323,46852,47333,47769,48178,48599,49011,49442,49881,50328,50776,51204,51629,52036,52438,52834,53192
St. Vincent and the Grenadines,108095,108322,108520,108617,108602,108516,108401,108293,108260,108315,108435,108624,108868,109135,109467,109826,110210,110593,110947
Sudan,28704786,29460517,30214189,30949514,31661824,32360619,33060844,33783779,34545014,35349676,36193781,37072555,37977657,38902948,39847433,40813398,41801532,42813237,43849269
Suriname,482228,487938,493680,499461,505292,511181,517122,523113,529126,535177,541247,547295,553278,559136,564883,570501,575987,581363,586634
Sweden,8924958,8958229,8993531,9029572,9080505,9148092,9219637,9298515,9378126,9449213,9519374,9600379,9696110,9799186,9923085,10057698,10175214,10278887,10353442
Switzerland,7284753,7339001,7389625,7437115,7483934,7551117,7647675,7743831,7824909,7912398,7996861,8089346,8188649,8282396,8373338,8451840,8514329,8575280,8636896
Syrian Arab Republic,17084628,17415214,17827827,18361178,19059257,19878257,20664037,21205873,21362541,21081814,20438861,19578466,18710711,17997411,17465567,17095669,16945062,17070132,17500657
Tajikistan,6426861,6541550,6662391,6789318,6922590,7062667,7209924,7364752,7527397,7697507,7874838,8059782,8252828,8454019,8663575,8880270,9100847,9321023,9537642
Tanzania,35334790,36337778,37379766,38450323,39548666,40681416,41853944,43073830,44346532,45673520,47053033,48483132,49960563,51482638,53049231,54660345,56313444,58005461,59734213
Thailand,64069093,64549867,64995303,65416189,65812540,66182064,66530980,66866834,67195032,67518379,67835969,68144519,68438748,68714519,68971313,69209817,69428454,69625581,69799978
Timor-Leste,922699,947110,971889,995130,1016437,1036388,1055428,1074286,1093517,1113154,1133002,1153288,1174333,1196294,1219289,1243260,1267975,1293120,1318442
Togo,5197040,5330629,5467770,5611643,5762881,5920360,6083417,6250840,6421674,6595939,6773807,6954721,7137997,7323162,7509952,7698476,7889095,8082359,8278737
Tonga,99023,99591,100214,100908,101714,102577,103384,103897,103981,103558,102736,101768,101023,100780,101143,102002,103199,104497,105697
Trinidad and Tobago,1277210,1283564,1290115,1296497,1302552,1308450,1314449,1320921,1328144,1336180,1344814,1353708,1362337,1370332,1377563,1384060,1389841,1394969,1399491
Tunisia,9871261,9945282,10022278,10106778,10201211,10304729,10414425,10525691,10635245,10741872,10846993,10952949,11063195,11179951,11303942,11433438,11565203,11694721,11818618
Turkey,65145357,66089402,67010930,67903461,68756809,69581854,70418612,71321406,72326992,73443254,74651046,75925454,77229262,78529413,79827868,81116451,82340090,83429607,84339067
Turkmenistan,4610018,4655752,4703396,4754652,4810114,4870142,4935765,5007953,5087211,5174076,5267906,5366376,5466324,5565283,5662371,5757667,5850902,5942094,6031187
Tuvalu,9593,9724,9871,9997,10118,10219,10315,10413,10521,10626,10744,10849,10973,11099,11232,11365,11505,11655,11792
Uganda,25167261,25980547,26821300,27684590,28571475,29486335,30431734,31411096,32428164,33476772,34558700,35694519,36911530,38225447,39649173,41166588,42729032,44269587,45741000
Ukraine,48202470,47812949,47451626,47105171,46787786,46509355,46258189,46053331,45870741,45706086,45593342,45489648,45272155,45154036,45004673,44831135,44622518,44386203,44134693
United Arab Emirates,3478769,3711931,4068577,4588222,5300172,6168846,7089486,7917368,8549998,8946778,9141598,9197908,9214182,9262896,9360975,9487206,9630966,9770526,9890400
United Kingdom,59370479,59647577,59987905,60401206,60846820,61322463,61806995,62276270,62766365,63258810,63700215,64128273,64602298,65116219,65611593,66058859,66460344,66836327,67215293
United States,287625193,290107933,292805298,295516599,298379912,301231207,304093966,306771529,309327143,311583481,313877662,316059947,318386329,320738994,323071755,325122128,326838199,328329953,329484123
Upper middle income,2218155175,2234900352,2251323903,2267614832,2283499115,2298869696,2314522710,2330533600,2346561398,2364103129,2383978181,2404063280,2423763411,2442625596,2461213434,2480024674,2496446325,2510772964,2522452391
Uruguay,3326046,3323661,3321486,3321799,3325403,3331753,3340221,3349676,3359273,3368926,3378975,3389436,3400439,3412013,3424139,3436645,3449290,3461731,3473727
Uzbekistan,25271850,25567650,25864350,26167000,26488250,26868000,27302800,27767400,28562400,29339400,29774500,30243200,30757700,31298900,31847900,32388600,32956100,33580350,34232050
Vanuatu,193927,198960,204123,209282,214379,219464,224700,230244,236216,242658,249505,256637,263888,271128,278326,285499,292675,299882,307150
"Venezuela, RB",25100407,25551624,25996594,26432445,26850190,27247601,27635827,28031010,28439942,28887873,29360827,29781046,30042973,30081827,29851249,29402480,28887117,28515829,28435943
Vietnam,81534406,82301650,83062819,83832662,84617545,85419588,86243424,87092250,87967655,88871384,89801926,90752593,91713850,92677082,93640435,94600643,95545959,96462108,97338583
"Yemen, Rep.",18443684,18985001,19540096,20107416,20687648,21282514,21892149,22516464,23154854,23807586,24473176,25147112,25823488,26497881,27168210,27834811,28498683,29161922,29825968
Zambia,10971704,11256740,11550641,11856244,12173518,12502958,12848531,13215142,13605986,14023199,14465148,14926551,15399793,15879370,16363449,16853608,17351714,17861034,18383956
Zimbabwe,11954293,11982219,12019911,12076697,12155496,12255920,12379553,12526964,12697728,12894323,13115149,13350378,13586710,13814642,14030338,14236599,14438812,14645473,14862927